{
    "gears": [
        {
            "id": "gear_input",
            "center": {
                "x": 33.98959541635908,
                "y": 0.11494252873563227
            },
            "teeth_count": [
                30
            ],
            "module": 1.0
        },
        {
            "id": "gear_output",
            "center": {
                "x": -33.53421420131056,
                "y": 4.6557095284133645
            },
            "teeth_count": [
                31
            ],
            "module": 1.0
        }
    ],
    "path": [
        [
            33.98959541635908,
            0.11494252873563227
        ],
        [
            33.48959541635908,
            0.11494252873563227
        ],
        [
            32.98959541635908,
            0.11494252873563227
        ],
        [
            32.48959541635908,
            0.11494252873563227
        ],
        [
            31.98959541635908,
            0.11494252873563227
        ],
        [
            31.48959541635908,
            0.11494252873563227
        ],
        [
            30.98959541635908,
            0.11494252873563227
        ],
        [
            30.48959541635908,
            0.11494252873563227
        ],
        [
            29.98959541635908,
            0.11494252873563227
        ],
        [
            29.48959541635908,
            0.11494252873563227
        ],
        [
            28.98959541635908,
            0.11494252873563227
        ],
        [
            28.48959541635908,
            0.11494252873563227
        ],
        [
            27.98959541635908,
            0.11494252873563227
        ],
        [
            27.48959541635908,
            0.11494252873563227
        ],
        [
            26.98959541635908,
            0.11494252873563227
        ],
        [
            26.48959541635908,
            0.11494252873563227
        ],
        [
            25.98959541635908,
            0.11494252873563227
        ],
        [
            25.48959541635908,
            0.11494252873563227
        ],
        [
            24.98959541635908,
            0.11494252873563227
        ],
        [
            24.48959541635908,
            0.11494252873563227
        ],
        [
            23.98959541635908,
            0.11494252873563227
        ],
        [
            23.48959541635908,
            0.11494252873563227
        ],
        [
            22.98959541635908,
            0.11494252873563227
        ],
        [
            22.48959541635908,
            0.11494252873563227
        ],
        [
            21.98959541635908,
            0.11494252873563227
        ],
        [
            21.48959541635908,
            0.11494252873563227
        ],
        [
            20.98959541635908,
            0.11494252873563227
        ],
        [
            20.48959541635908,
            0.11494252873563227
        ],
        [
            19.98959541635908,
            0.11494252873563227
        ],
        [
            19.48959541635908,
            0.11494252873563227
        ],
        [
            18.98959541635908,
            0.11494252873563227
        ],
        [
            18.48959541635908,
            0.11494252873563227
        ],
        [
            17.98959541635908,
            0.11494252873563227
        ],
        [
            17.48959541635908,
            0.11494252873563227
        ],
        [
            16.98959541635908,
            0.11494252873563227
        ],
        [
            16.48959541635908,
            0.6149425287356323
        ],
        [
            15.98959541635908,
            1.1149425287356323
        ],
        [
            15.48959541635908,
            1.6149425287356323
        ],
        [
            14.98959541635908,
            2.1149425287356323
        ],
        [
            14.48959541635908,
            2.6149425287356323
        ],
        [
            13.98959541635908,
            3.1149425287356323
        ],
        [
            13.48959541635908,
            3.6149425287356323
        ],
        [
            12.98959541635908,
            4.114942528735632
        ],
        [
            12.48959541635908,
            4.614942528735632
        ],
        [
            11.98959541635908,
            5.114942528735632
        ],
        [
            11.48959541635908,
            5.614942528735632
        ],
        [
            10.98959541635908,
            6.114942528735632
        ],
        [
            10.48959541635908,
            6.614942528735632
        ],
        [
            9.98959541635908,
            7.114942528735632
        ],
        [
            9.48959541635908,
            7.614942528735632
        ],
        [
            8.98959541635908,
            8.114942528735632
        ],
        [
            8.48959541635908,
            8.114942528735632
        ],
        [
            7.98959541635908,
            8.614942528735632
        ],
        [
            7.48959541635908,
            8.614942528735632
        ],
        [
            6.98959541635908,
            9.114942528735632
        ],
        [
            6.48959541635908,
            9.114942528735632
        ],
        [
            5.98959541635908,
            9.614942528735632
        ],
        [
            5.48959541635908,
            9.614942528735632
        ],
        [
            4.98959541635908,
            9.614942528735632
        ],
        [
            4.48959541635908,
            10.114942528735632
        ],
        [
            3.98959541635908,
            10.114942528735632
        ],
        [
            3.48959541635908,
            10.114942528735632
        ],
        [
            2.98959541635908,
            10.114942528735632
        ],
        [
            2.48959541635908,
            10.614942528735632
        ],
        [
            1.98959541635908,
            10.614942528735632
        ],
        [
            1.48959541635908,
            10.614942528735632
        ],
        [
            0.9895954163590801,
            10.614942528735632
        ],
        [
            0.4895954163590801,
            10.614942528735632
        ],
        [
            -0.010404583640919896,
            10.614942528735632
        ],
        [
            -0.5104045836409199,
            10.614942528735632
        ],
        [
            -1.01040458364092,
            10.614942528735632
        ],
        [
            -1.51040458364092,
            10.614942528735632
        ],
        [
            -2.01040458364092,
            10.614942528735632
        ],
        [
            -2.51040458364092,
            10.614942528735632
        ],
        [
            -33.53421420131056,
            4.6557095284133645
        ]
    ],
    "boundaries": [
        {
            "x": 49.310344827586206,
            "y": -5.402298850574713
        },
        {
            "x": 47.47126436781609,
            "y": -12.068965517241377
        },
        {
            "x": 45.172413793103445,
            "y": -15.977011494252872
        },
        {
            "x": 41.03448275862068,
            "y": -19.655172413793103
        },
        {
            "x": 38.045977011494244,
            "y": -21.034482758620687
        },
        {
            "x": 31.60919540229885,
            "y": -22.18390804597701
        },
        {
            "x": 24.022988505747122,
            "y": -21.26436781609195
        },
        {
            "x": 21.034482758620683,
            "y": -19.655172413793103
        },
        {
            "x": 19.195402298850567,
            "y": -17.816091954022987
        },
        {
            "x": 17.58620689655173,
            "y": -15.057471264367814
        },
        {
            "x": 15.977011494252878,
            "y": -9.770114942528734
        },
        {
            "x": 14.367816091954026,
            "y": -1.954022988505745
        },
        {
            "x": 13.448275862068968,